id_client,faturamento_total,frequencia,diversidade_categorias,ticket_medio
47,64003343.75,190,3,336859.7039473684
42,72187369.5,222,3,325168.33108108107
9,66788855.35,218,3,306370.8961009174
22,59581398.75,198,3,300916.1553030303
2,65652931.35,220,3,298422.4152272727
28,60826837.25,204,3,298170.7708333333
46,59126834.35,199,3,297119.7706030151
38,57093331.15,195,3,292786.3135897436
36,62791038.15,215,3,292051.34023255814
5,58592802.7,202,3,290063.3797029703
